Indicator,Year,Geography,FIPS,Age Group,Race/Ethnicity,Sex,Transmission Category,Cases,Rate per 100000,Population
AIDS deaths,2011,Alabama,1,Ages 13 years and older,All races/ethnicities,Both sexes,All transmission categories,183,4.6,3997493.00
AIDS deaths,2012,Alabama,1,Ages 13 years and older,All races/ethnicities,Both sexes,All transmission categories,202,5,4019335.00
AIDS deaths,2013,Alabama,1,Ages 13 years and older,All races/ethnicities,Both sexes,All transmission categories,187,4.6,4041871.00
AIDS deaths,2014,Alabama,1,Ages 13 years and older,All races/ethnicities,Both sexes,All transmission categories,210,5.2,4059211.00
AIDS deaths,2015,Alabama,1,Ages 13 years and older,All races/ethnicities,Both sexes,All transmission categories,210,5.2,4070748.00
AIDS deaths,2016,Alabama,1,Ages 13 years and older,All races/ethnicities,Both sexes,All transmission categories,199,4.9,4082972.00
AIDS deaths,2017,Alabama,1,Ages 13 years and older,All races/ethnicities,Both sexes,All transmission categories,184,4.5,4094777.00
AIDS deaths,2011,Alaska,2,Ages 13 years and older,All races/ethnicities,Both sexes,All transmission categories,9,1.5,584567.00
AIDS deaths,2012,Alaska,2,Ages 13 years and older,All races/ethnicities,Both sexes,All transmission categories,8,1.3,592771.00
AIDS deaths,2013,Alaska,2,Ages 13 years and older,All races/ethnicities,Both sexes,All transmission categories,13,2.2,599385.00
AIDS deaths,2014,Alaska,2,Ages 13 years and older,All races/ethnicities,Both sexes,All transmission categories,10,1.7,599474.00
AIDS deaths,2015,Alaska,2,Ages 13 years and older,All races/ethnicities,Both sexes,All transmission categories,9,1.5,600941.00
AIDS deaths,2016,Alaska,2,Ages 13 years and older,All races/ethnicities,Both sexes,All transmission categories,8,1.3,604157.00
AIDS deaths,2017,Alaska,2,Ages 13 years and older,All races/ethnicities,Both sexes,All transmission categories,5,0.8,603161.00
AIDS deaths,2011,Arizona,4,Ages 13 years and older,All races/ethnicities,Both sexes,All transmission categories,156,2.9,5304658.00
AIDS deaths,2012,Arizona,4,Ages 13 years and older,All races/ethnicities,Both sexes,All transmission categories,167,3.1,5388365.00
AIDS deaths,2013,Arizona,4,Ages 13 years and older,All races/ethnicities,Both sexes,All transmission categories,173,3.2,5469060.00
AIDS deaths,2014,Arizona,4,Ages 13 years and older,All races/ethnicities,Both sexes,All transmission categories,172,3.1,5567140.00
AIDS deaths,2015,Arizona,4,Ages 13 years and older,All races/ethnicities,Both sexes,All transmission categories,173,3.1,5663944.00
AIDS deaths,2016,Arizona,4,Ages 13 years and older,All races/ethnicities,Both sexes,All transmission categories,193,3.3,5770861.00
AIDS deaths,2017,Arizona,4,Ages 13 years and older,All races/ethnicities,Both sexes,All transmission categories,159,2.7,5874596.00
AIDS deaths,2011,Arkansas,5,Ages 13 years and older,All races/ethnicities,Both sexes,All transmission categories,90,3.7,2426548.00
AIDS deaths,2012,Arkansas,5,Ages 13 years and older,All races/ethnicities,Both sexes,All transmission categories,73,3,2438682.00
AIDS deaths,2013,Arkansas,5,Ages 13 years and older,All races/ethnicities,Both sexes,All transmission categories,92,3.8,2449550.00
AIDS deaths,2014,Arkansas,5,Ages 13 years and older,All races/ethnicities,Both sexes,All transmission categories,96,3.9,2459895.00
AIDS deaths,2015,Arkansas,5,Ages 13 years and older,All races/ethnicities,Both sexes,All transmission categories,83,3.4,2470760.00
AIDS deaths,2016,Arkansas,5,Ages 13 years and older,All races/ethnicities,Both sexes,All transmission categories,67,2.7,2482955.00
AIDS deaths,2017,Arkansas,5,Ages 13 years and older,All races/ethnicities,Both sexes,All transmission categories,77,3.1,2495932.00
AIDS deaths,2011,California,6,Ages 13 years and older,All races/ethnicities,Both sexes,All transmission categories,"1,333",4.3,31068145.00
AIDS deaths,2012,California,6,Ages 13 years and older,All races/ethnicities,Both sexes,All transmission categories,"1,307",4.2,31393072.00
AIDS deaths,2013,California,6,Ages 13 years and older,All races/ethnicities,Both sexes,All transmission categories,"1,341",4.2,31722579.00
AIDS deaths,2014,California,6,Ages 13 years and older,All races/ethnicities,Both sexes,All transmission categories,"1,380",4.3,32069627.00
AIDS deaths,2015,California,6,Ages 13 years and older,All races/ethnicities,Both sexes,All transmission categories,"1,411",4.4,32390164.00
AIDS deaths,2016,California,6,Ages 13 years and older,All races/ethnicities,Both sexes,All transmission categories,"1,452",4.4,32663036.00
AIDS deaths,2017,California,6,Ages 13 years and older,All races/ethnicities,Both sexes,All transmission categories,"1,421",4.3,32888662.00
AIDS deaths,2011,Colorado,8,Ages 13 years and older,All races/ethnicities,Both sexes,All transmission categories,106,2.5,4220896.00
AIDS deaths,2012,Colorado,8,Ages 13 years and older,All races/ethnicities,Both sexes,All transmission categories,86,2,4290960.00
AIDS deaths,2013,Colorado,8,Ages 13 years and older,All races/ethnicities,Both sexes,All transmission categories,96,2.2,4367984.00
AIDS deaths,2014,Colorado,8,Ages 13 years and older,All races/ethnicities,Both sexes,All transmission categories,120,2.7,4447355.00
AIDS deaths,2015,Colorado,8,Ages 13 years and older,All races/ethnicities,Both sexes,All transmission categories,103,2.3,4542949.00
AIDS deaths,2016,Colorado,8,Ages 13 years and older,All races/ethnicities,Both sexes,All transmission categories,98,2.1,4632063.00
AIDS deaths,2017,Colorado,8,Ages 13 years and older,All races/ethnicities,Both sexes,All transmission categories,103,2.2,4710781.00
AIDS deaths,2011,Connecticut,9,Ages 13 years and older,All races/ethnicities,Both sexes,All transmission categories,180,5.9,3029649.00
AIDS deaths,2012,Connecticut,9,Ages 13 years and older,All races/ethnicities,Both sexes,All transmission categories,169,5.6,3043910.00
AIDS deaths,2013,Connecticut,9,Ages 13 years and older,All races/ethnicities,Both sexes,All transmission categories,157,5.1,3054288.00
AIDS deaths,2014,Connecticut,9,Ages 13 years and older,All races/ethnicities,Both sexes,All transmission categories,161,5.3,3061978.00
AIDS deaths,2015,Connecticut,9,Ages 13 years and older,All races/ethnicities,Both sexes,All transmission categories,158,5.2,3061946.00
AIDS deaths,2016,Connecticut,9,Ages 13 years and older,All races/ethnicities,Both sexes,All transmission categories,160,5.2,3060226.00
AIDS deaths,2017,Connecticut,9,Ages 13 years and older,All races/ethnicities,Both sexes,All transmission categories,158,5.2,3060949.00
AIDS deaths,2011,Delaware,10,Ages 13 years and older,All races/ethnicities,Both sexes,All transmission categories,56,7.4,760646.00
AIDS deaths,2012,Delaware,10,Ages 13 years and older,All races/ethnicities,Both sexes,All transmission categories,70,9.1,768406.00
AIDS deaths,2013,Delaware,10,Ages 13 years and older,All races/ethnicities,Both sexes,All transmission categories,62,8,777619.00
AIDS deaths,2014,Delaware,10,Ages 13 years and older,All races/ethnicities,Both sexes,All transmission categories,70,8.9,786714.00
AIDS deaths,2015,Delaware,10,Ages 13 years and older,All races/ethnicities,Both sexes,All transmission categories,57,7.2,795441.00
AIDS deaths,2016,Delaware,10,Ages 13 years and older,All races/ethnicities,Both sexes,All transmission categories,46,5.7,803341.00
AIDS deaths,2017,Delaware,10,Ages 13 years and older,All races/ethnicities,Both sexes,All transmission categories,57,7,811576.00
AIDS deaths,2011,District of Columbia,11,Ages 13 years and older,All races/ethnicities,Both sexes,All transmission categories,228,42.1,541801.00
AIDS deaths,2012,District of Columbia,11,Ages 13 years and older,All races/ethnicities,Both sexes,All transmission categories,191,34.6,552642.00
AIDS deaths,2013,District of Columbia,11,Ages 13 years and older,All races/ethnicities,Both sexes,All transmission categories,164,29.1,564030.00
AIDS deaths,2014,District of Columbia,11,Ages 13 years and older,All races/ethnicities,Both sexes,All transmission categories,173,30.2,572788.00
AIDS deaths,2015,District of Columbia,11,Ages 13 years and older,All races/ethnicities,Both sexes,All transmission categories,192,33,582251.00
AIDS deaths,2016,District of Columbia,11,Ages 13 years and older,All races/ethnicities,Both sexes,All transmission categories,195,33,590875.00
AIDS deaths,2017,District of Columbia,11,Ages 13 years and older,All races/ethnicities,Both sexes,All transmission categories,159,26.6,596785.00
AIDS deaths,2011,Florida,12,Ages 13 years and older,All races/ethnicities,Both sexes,All transmission categories,"1,722",10.6,16258521.00
AIDS deaths,2012,Florida,12,Ages 13 years and older,All races/ethnicities,Both sexes,All transmission categories,"1,666",10.1,16480031.00
AIDS deaths,2013,Florida,12,Ages 13 years and older,All races/ethnicities,Both sexes,All transmission categories,"1,675",10,16709125.00
AIDS deaths,2014,Florida,12,Ages 13 years and older,All races/ethnicities,Both sexes,All transmission categories,"1,653",9.7,16983458.00
AIDS deaths,2015,Florida,12,Ages 13 years and older,All races/ethnicities,Both sexes,All transmission categories,"1,729",10,17305349.00
AIDS deaths,2016,Florida,12,Ages 13 years and older,All races/ethnicities,Both sexes,All transmission categories,"1,765",10,17658611.00
AIDS deaths,2017,Florida,12,Ages 13 years and older,All races/ethnicities,Both sexes,All transmission categories,"1,679",9.3,17971716.00
AIDS deaths,2011,Georgia,13,Ages 13 years and older,All races/ethnicities,Both sexes,All transmission categories,665,8.3,8003157.00
AIDS deaths,2012,Georgia,13,Ages 13 years and older,All races/ethnicities,Both sexes,All transmission categories,667,8.2,8106476.00
AIDS deaths,2013,Georgia,13,Ages 13 years and older,All races/ethnicities,Both sexes,All transmission categories,650,7.9,8187895.00
AIDS deaths,2014,Georgia,13,Ages 13 years and older,All races/ethnicities,Both sexes,All transmission categories,735,8.9,8288270.00
AIDS deaths,2015,Georgia,13,Ages 13 years and older,All races/ethnicities,Both sexes,All transmission categories,648,7.7,8397538.00
AIDS deaths,2016,Georgia,13,Ages 13 years and older,All races/ethnicities,Both sexes,All transmission categories,644,7.6,8516944.00
AIDS deaths,2017,Georgia,13,Ages 13 years and older,All races/ethnicities,Both sexes,All transmission categories,620,7.2,8627633.00
AIDS deaths,2011,Hawaii,15,Ages 13 years and older,All races/ethnicities,Both sexes,All transmission categories,32,2.8,1155908.00
AIDS deaths,2012,Hawaii,15,Ages 13 years and older,All races/ethnicities,Both sexes,All transmission categories,45,3.8,1168924.00
AIDS deaths,2013,Hawaii,15,Ages 13 years and older,All races/ethnicities,Both sexes,All transmission categories,29,2.5,1180667.00
AIDS deaths,2014,Hawaii,15,Ages 13 years and older,All races/ethnicities,Both sexes,All transmission categories,36,3,1187196.00
AIDS deaths,2015,Hawaii,15,Ages 13 years and older,All races/ethnicities,Both sexes,All transmission categories,27,2.3,1193935.00
AIDS deaths,2016,Hawaii,15,Ages 13 years and older,All races/ethnicities,Both sexes,All transmission categories,30,2.5,1200302.00
AIDS deaths,2017,Hawaii,15,Ages 13 years and older,All races/ethnicities,Both sexes,All transmission categories,30,2.5,1198339.00
AIDS deaths,2011,Idaho,16,Ages 13 years and older,All races/ethnicities,Both sexes,All transmission categories,12,0.9,1270672.00
AIDS deaths,2012,Idaho,16,Ages 13 years and older,All races/ethnicities,Both sexes,All transmission categories,17,1.3,1283965.00
AIDS deaths,2013,Idaho,16,Ages 13 years and older,All races/ethnicities,Both sexes,All transmission categories,11,0.8,1301066.00
AIDS deaths,2014,Idaho,16,Ages 13 years and older,All races/ethnicities,Both sexes,All transmission categories,16,1.2,1320877.00
AIDS deaths,2015,Idaho,16,Ages 13 years and older,All races/ethnicities,Both sexes,All transmission categories,7,0.5,1339988.00
AIDS deaths,2016,Idaho,16,Ages 13 years and older,All races/ethnicities,Both sexes,All transmission categories,8,0.6,1369107.00
AIDS deaths,2017,Idaho,16,Ages 13 years and older,All races/ethnicities,Both sexes,All transmission categories,15,1.1,1402234.00
AIDS deaths,2011,Illinois,17,Ages 13 years and older,All races/ethnicities,Both sexes,All transmission categories,458,4.3,10668059.00
AIDS deaths,2012,Illinois,17,Ages 13 years and older,All races/ethnicities,Both sexes,All transmission categories,430,4,10704446.00
AIDS deaths,2013,Illinois,17,Ages 13 years and older,All races/ethnicities,Both sexes,All transmission categories,401,3.7,10744121.00
AIDS deaths,2014,Illinois,17,Ages 13 years and older,All races/ethnicities,Both sexes,All transmission categories,426,4,10759859.00
AIDS deaths,2015,Illinois,17,Ages 13 years and older,All races/ethnicities,Both sexes,All transmission categories,450,4.2,10756428.00
AIDS deaths,2016,Illinois,17,Ages 13 years and older,All races/ethnicities,Both sexes,All transmission categories,409,3.8,10743318.00
AIDS deaths,2017,Illinois,17,Ages 13 years and older,All races/ethnicities,Both sexes,All transmission categories,373,3.5,10731215.00
AIDS deaths,2011,Indiana,18,Ages 13 years and older,All races/ethnicities,Both sexes,All transmission categories,169,3.1,5371451.00
AIDS deaths,2012,Indiana,18,Ages 13 years and older,All races/ethnicities,Both sexes,All transmission categories,145,2.7,5399958.00
AIDS deaths,2013,Indiana,18,Ages 13 years and older,All races/ethnicities,Both sexes,All transmission categories,152,2.8,5436314.00
AIDS deaths,2014,Indiana,18,Ages 13 years and older,All races/ethnicities,Both sexes,All transmission categories,142,2.6,5466488.00
AIDS deaths,2015,Indiana,18,Ages 13 years and older,All races/ethnicities,Both sexes,All transmission categories,137,2.5,5483619.00
AIDS deaths,2016,Indiana,18,Ages 13 years and older,All races/ethnicities,Both sexes,All transmission categories,158,2.9,5510511.00
AIDS deaths,2017,Indiana,18,Ages 13 years and older,All races/ethnicities,Both sexes,All transmission categories,148,2.7,5540003.00
AIDS deaths,2011,Iowa,19,Ages 13 years and older,All races/ethnicities,Both sexes,All transmission categories,29,1.1,2543043.00
AIDS deaths,2012,Iowa,19,Ages 13 years and older,All races/ethnicities,Both sexes,All transmission categories,36,1.4,2553591.00
AIDS deaths,2013,Iowa,19,Ages 13 years and older,All races/ethnicities,Both sexes,All transmission categories,38,1.5,2570198.00
AIDS deaths,2014,Iowa,19,Ages 13 years and older,All races/ethnicities,Both sexes,All transmission categories,49,1.9,2585119.00
AIDS deaths,2015,Iowa,19,Ages 13 years and older,All races/ethnicities,Both sexes,All transmission categories,29,1.1,2595775.00
AIDS deaths,2016,Iowa,19,Ages 13 years and older,All races/ethnicities,Both sexes,All transmission categories,28,1.1,2605250.00
AIDS deaths,2017,Iowa,19,Ages 13 years and older,All races/ethnicities,Both sexes,All transmission categories,31,1.2,2617029.00
AIDS deaths,2011,Kansas,20,Ages 13 years and older,All races/ethnicities,Both sexes,All transmission categories,40,1.7,2340115.00
AIDS deaths,2012,Kansas,20,Ages 13 years and older,All races/ethnicities,Both sexes,All transmission categories,39,1.7,2356616.00
AIDS deaths,2013,Kansas,20,Ages 13 years and older,All races/ethnicities,Both sexes,All transmission categories,42,1.8,2367607.00
AIDS deaths,2014,Kansas,20,Ages 13 years and older,All races/ethnicities,Both sexes,All transmission categories,35,1.5,2377652.00
AIDS deaths,2015,Kansas,20,Ages 13 years and older,All races/ethnicities,Both sexes,All transmission categories,43,1.8,2388086.00
AIDS deaths,2016,Kansas,20,Ages 13 years and older,All races/ethnicities,Both sexes,All transmission categories,36,1.5,2393712.00
AIDS deaths,2017,Kansas,20,Ages 13 years and older,All races/ethnicities,Both sexes,All transmission categories,37,1.5,2397743.00
AIDS deaths,2011,Kentucky,21,Ages 13 years and older,All races/ethnicities,Both sexes,All transmission categories,92,2.5,3632735.00
AIDS deaths,2012,Kentucky,21,Ages 13 years and older,All races/ethnicities,Both sexes,All transmission categories,88,2.4,3652563.00
AIDS deaths,2013,Kentucky,21,Ages 13 years and older,All races/ethnicities,Both sexes,All transmission categories,90,2.4,3673716.00
AIDS deaths,2014,Kentucky,21,Ages 13 years and older,All races/ethnicities,Both sexes,All transmission categories,87,2.4,3686449.00
AIDS deaths,2015,Kentucky,21,Ages 13 years and older,All races/ethnicities,Both sexes,All transmission categories,93,2.5,3699491.00
AIDS deaths,2016,Kentucky,21,Ages 13 years and older,All races/ethnicities,Both sexes,All transmission categories,94,2.5,3712013.00
AIDS deaths,2017,Kentucky,21,Ages 13 years and older,All races/ethnicities,Both sexes,All transmission categories,100,2.7,3728831.00
AIDS deaths,2011,Louisiana,22,Ages 13 years and older,All races/ethnicities,Both sexes,All transmission categories,406,10.8,3766665.00
AIDS deaths,2012,Louisiana,22,Ages 13 years and older,All races/ethnicities,Both sexes,All transmission categories,393,10.4,3793129.00
AIDS deaths,2013,Louisiana,22,Ages 13 years and older,All races/ethnicities,Both sexes,All transmission categories,355,9.3,3819669.00
AIDS deaths,2014,Louisiana,22,Ages 13 years and older,All races/ethnicities,Both sexes,All transmission categories,341,8.9,3839337.00
AIDS deaths,2015,Louisiana,22,Ages 13 years and older,All races/ethnicities,Both sexes,All transmission categories,347,9,3858097.00
AIDS deaths,2016,Louisiana,22,Ages 13 years and older,All races/ethnicities,Both sexes,All transmission categories,333,8.6,3871344.00
AIDS deaths,2017,Louisiana,22,Ages 13 years and older,All races/ethnicities,Both sexes,All transmission categories,306,7.9,3868605.00
AIDS deaths,2011,Maine,23,Ages 13 years and older,All races/ethnicities,Both sexes,All transmission categories,15,1.3,1140816.00
AIDS deaths,2012,Maine,23,Ages 13 years and older,All races/ethnicities,Both sexes,All transmission categories,17,1.5,1142956.00
AIDS deaths,2013,Maine,23,Ages 13 years and older,All races/ethnicities,Both sexes,All transmission categories,24,2.1,1145689.00
AIDS deaths,2014,Maine,23,Ages 13 years and older,All races/ethnicities,Both sexes,All transmission categories,15,1.3,1150000.00
AIDS deaths,2015,Maine,23,Ages 13 years and older,All races/ethnicities,Both sexes,All transmission categories,15,1.3,1149501.00
AIDS deaths,2016,Maine,23,Ages 13 years and older,All races/ethnicities,Both sexes,All transmission categories,16,1.4,1153307.00
AIDS deaths,2017,Maine,23,Ages 13 years and older,All races/ethnicities,Both sexes,All transmission categories,25,2.2,1157986.00
AIDS deaths,2011,Maryland,24,Ages 13 years and older,All races/ethnicities,Both sexes,All transmission categories,486,10,4877694.00
AIDS deaths,2012,Maryland,24,Ages 13 years and older,All races/ethnicities,Both sexes,All transmission categories,505,10.3,4924611.00
AIDS deaths,2013,Maryland,24,Ages 13 years and older,All races/ethnicities,Both sexes,All transmission categories,497,10,4962705.00
AIDS deaths,2014,Maryland,24,Ages 13 years and older,All races/ethnicities,Both sexes,All transmission categories,480,9.6,4994516.00
AIDS deaths,2015,Maryland,24,Ages 13 years and older,All races/ethnicities,Both sexes,All transmission categories,456,9.1,5021726.00
AIDS deaths,2016,Maryland,24,Ages 13 years and older,All races/ethnicities,Both sexes,All transmission categories,511,10.1,5039003.00
AIDS deaths,2017,Maryland,24,Ages 13 years and older,All races/ethnicities,Both sexes,All transmission categories,467,9.2,5060236.00
AIDS deaths,2011,Massachusetts,25,Ages 13 years and older,All races/ethnicities,Both sexes,All transmission categories,222,3.9,5622961.00
AIDS deaths,2012,Massachusetts,25,Ages 13 years and older,All races/ethnicities,Both sexes,All transmission categories,222,3.9,5676159.00
AIDS deaths,2013,Massachusetts,25,Ages 13 years and older,All races/ethnicities,Both sexes,All transmission categories,220,3.8,5730770.00
AIDS deaths,2014,Massachusetts,25,Ages 13 years and older,All races/ethnicities,Both sexes,All transmission categories,213,3.7,5785038.00
AIDS deaths,2015,Massachusetts,25,Ages 13 years and older,All races/ethnicities,Both sexes,All transmission categories,225,3.9,5821545.00
AIDS deaths,2016,Massachusetts,25,Ages 13 years and older,All races/ethnicities,Both sexes,All transmission categories,217,3.7,5857445.00
AIDS deaths,2017,Massachusetts,25,Ages 13 years and older,All races/ethnicities,Both sexes,All transmission categories,229,3.9,5899032.00
AIDS deaths,2011,Michigan,26,Ages 13 years and older,All races/ethnicities,Both sexes,All transmission categories,245,3,8271309.00
AIDS deaths,2012,Michigan,26,Ages 13 years and older,All races/ethnicities,Both sexes,All transmission categories,274,3.3,8304912.00
AIDS deaths,2013,Michigan,26,Ages 13 years and older,All races/ethnicities,Both sexes,All transmission categories,229,2.7,8337871.00
AIDS deaths,2014,Michigan,26,Ages 13 years and older,All races/ethnicities,Both sexes,All transmission categories,219,2.6,8369488.00
AIDS deaths,2015,Michigan,26,Ages 13 years and older,All races/ethnicities,Both sexes,All transmission categories,236,2.8,8383578.00
AIDS deaths,2016,Michigan,26,Ages 13 years and older,All races/ethnicities,Both sexes,All transmission categories,225,2.7,8409723.00
AIDS deaths,2017,Michigan,26,Ages 13 years and older,All races/ethnicities,Both sexes,All transmission categories,224,2.7,8441967.00
AIDS deaths,2011,Minnesota,27,Ages 13 years and older,All races/ethnicities,Both sexes,All transmission categories,69,1.6,4422318.00
AIDS deaths,2012,Minnesota,27,Ages 13 years and older,All races/ethnicities,Both sexes,All transmission categories,68,1.5,4453587.00
AIDS deaths,2013,Minnesota,27,Ages 13 years and older,All races/ethnicities,Both sexes,All transmission categories,64,1.4,4489740.00
AIDS deaths,2014,Minnesota,27,Ages 13 years and older,All races/ethnicities,Both sexes,All transmission categories,70,1.5,4524856.00
AIDS deaths,2015,Minnesota,27,Ages 13 years and older,All races/ethnicities,Both sexes,All transmission categories,69,1.5,4553008.00
AIDS deaths,2016,Minnesota,27,Ages 13 years and older,All races/ethnicities,Both sexes,All transmission categories,58,1.3,4589546.00
AIDS deaths,2017,Minnesota,27,Ages 13 years and older,All races/ethnicities,Both sexes,All transmission categories,69,1.5,4631396.00
AIDS deaths,2011,Mississippi,28,Ages 13 years and older,All races/ethnicities,Both sexes,All transmission categories,154,6.3,2439866.00
AIDS deaths,2012,Mississippi,28,Ages 13 years and older,All races/ethnicities,Both sexes,All transmission categories,145,5.9,2449062.00
AIDS deaths,2013,Mississippi,28,Ages 13 years and older,All races/ethnicities,Both sexes,All transmission categories,178,7.2,2460749.00
AIDS deaths,2014,Mississippi,28,Ages 13 years and older,All races/ethnicities,Both sexes,All transmission categories,191,7.7,2467100.00
AIDS deaths,2015,Mississippi,28,Ages 13 years and older,All races/ethnicities,Both sexes,All transmission categories,175,7.1,2468675.00
AIDS deaths,2016,Mississippi,28,Ages 13 years and older,All races/ethnicities,Both sexes,All transmission categories,164,6.6,2472164.00
AIDS deaths,2017,Mississippi,28,Ages 13 years and older,All races/ethnicities,Both sexes,All transmission categories,172,6.9,2479041.00
AIDS deaths,2011,Missouri,29,Ages 13 years and older,All races/ethnicities,Both sexes,All transmission categories,156,3.1,4996001.00
AIDS deaths,2012,Missouri,29,Ages 13 years and older,All races/ethnicities,Both sexes,All transmission categories,153,3.1,5016085.00
AIDS deaths,2013,Missouri,29,Ages 13 years and older,All races/ethnicities,Both sexes,All transmission categories,152,3,5039202.00
AIDS deaths,2014,Missouri,29,Ages 13 years and older,All races/ethnicities,Both sexes,All transmission categories,134,2.6,5059205.00
AIDS deaths,2015,Missouri,29,Ages 13 years and older,All races/ethnicities,Both sexes,All transmission categories,128,2.5,5076572.00
AIDS deaths,2016,Missouri,29,Ages 13 years and older,All races/ethnicities,Both sexes,All transmission categories,161,3.2,5094029.00
AIDS deaths,2017,Missouri,29,Ages 13 years and older,All races/ethnicities,Both sexes,All transmission categories,152,3,5117892.00
AIDS deaths,2011,Montana,30,Ages 13 years and older,All races/ethnicities,Both sexes,All transmission categories,7,0.8,837028.00
AIDS deaths,2012,Montana,30,Ages 13 years and older,All races/ethnicities,Both sexes,All transmission categories,4,0.5,843229.00
AIDS deaths,2013,Montana,30,Ages 13 years and older,All races/ethnicities,Both sexes,All transmission categories,12,1.4,851634.00
AIDS deaths,2014,Montana,30,Ages 13 years and older,All races/ethnicities,Both sexes,All transmission categories,7,0.8,858974.00
AIDS deaths,2015,Montana,30,Ages 13 years and older,All races/ethnicities,Both sexes,All transmission categories,11,1.3,866602.00
AIDS deaths,2016,Montana,30,Ages 13 years and older,All races/ethnicities,Both sexes,All transmission categories,9,1,875704.00
AIDS deaths,2017,Montana,30,Ages 13 years and older,All races/ethnicities,Both sexes,All transmission categories,11,1.2,887128.00
AIDS deaths,2011,Nebraska,31,Ages 13 years and older,All races/ethnicities,Both sexes,All transmission categories,20,1.3,1503223.00
AIDS deaths,2012,Nebraska,31,Ages 13 years and older,All races/ethnicities,Both sexes,All transmission categories,25,1.7,1514247.00
AIDS deaths,2013,Nebraska,31,Ages 13 years and older,All races/ethnicities,Both sexes,All transmission categories,26,1.7,1525123.00
AIDS deaths,2014,Nebraska,31,Ages 13 years and older,All races/ethnicities,Both sexes,All transmission categories,23,1.5,1537771.00
AIDS deaths,2015,Nebraska,31,Ages 13 years and older,All races/ethnicities,Both sexes,All transmission categories,22,1.4,1547705.00
AIDS deaths,2016,Nebraska,31,Ages 13 years and older,All races/ethnicities,Both sexes,All transmission categories,26,1.7,1560378.00
AIDS deaths,2017,Nebraska,31,Ages 13 years and older,All races/ethnicities,Both sexes,All transmission categories,24,1.5,1571827.00
AIDS deaths,2011,Nevada,32,Ages 13 years and older,All races/ethnicities,Both sexes,All transmission categories,110,4.9,2237368.00
AIDS deaths,2012,Nevada,32,Ages 13 years and older,All races/ethnicities,Both sexes,All transmission categories,136,6,2271241.00
AIDS deaths,2013,Nevada,32,Ages 13 years and older,All races/ethnicities,Both sexes,All transmission categories,115,5,2303590.00
AIDS deaths,2014,Nevada,32,Ages 13 years and older,All races/ethnicities,Both sexes,All transmission categories,106,4.5,2343130.00
AIDS deaths,2015,Nevada,32,Ages 13 years and older,All races/ethnicities,Both sexes,All transmission categories,102,4.3,2386830.00
AIDS deaths,2016,Nevada,32,Ages 13 years and older,All races/ethnicities,Both sexes,All transmission categories,117,4.8,2432399.00
AIDS deaths,2017,Nevada,32,Ages 13 years and older,All races/ethnicities,Both sexes,All transmission categories,134,5.4,2480508.00
AIDS deaths,2011,New Hampshire,33,Ages 13 years and older,All races/ethnicities,Both sexes,All transmission categories,13,1.2,1126337.00
AIDS deaths,2012,New Hampshire,33,Ages 13 years and older,All races/ethnicities,Both sexes,All transmission categories,16,1.4,1133890.00
AIDS deaths,2013,New Hampshire,33,Ages 13 years and older,All races/ethnicities,Both sexes,All transmission categories,12,1.1,1139264.00
AIDS deaths,2014,New Hampshire,33,Ages 13 years and older,All races/ethnicities,Both sexes,All transmission categories,9,0.8,1148650.00
AIDS deaths,2015,New Hampshire,33,Ages 13 years and older,All races/ethnicities,Both sexes,All transmission categories,24,2.1,1153654.00
AIDS deaths,2016,New Hampshire,33,Ages 13 years and older,All races/ethnicities,Both sexes,All transmission categories,14,1.2,1161178.00
AIDS deaths,2017,New Hampshire,33,Ages 13 years and older,All races/ethnicities,Both sexes,All transmission categories,15,1.3,1170090.00
AIDS deaths,2011,New Jersey,34,Ages 13 years and older,All races/ethnicities,Both sexes,All transmission categories,596,8.1,7380087.00
AIDS deaths,2012,New Jersey,34,Ages 13 years and older,All races/ethnicities,Both sexes,All transmission categories,531,7.2,7408872.00
AIDS deaths,2013,New Jersey,34,Ages 13 years and older,All races/ethnicities,Both sexes,All transmission categories,563,7.6,7434824.00
AIDS deaths,2014,New Jersey,34,Ages 13 years and older,All races/ethnicities,Both sexes,All transmission categories,510,6.8,7453225.00
AIDS deaths,2015,New Jersey,34,Ages 13 years and older,All races/ethnicities,Both sexes,All transmission categories,512,6.9,7466207.00
AIDS deaths,2016,New Jersey,34,Ages 13 years and older,All races/ethnicities,Both sexes,All transmission categories,477,6.4,7478521.00
AIDS deaths,2017,New Jersey,34,Ages 13 years and older,All races/ethnicities,Both sexes,All transmission categories,468,6.2,7499348.00
AIDS deaths,2011,New Mexico,35,Ages 13 years and older,All races/ethnicities,Both sexes,All transmission categories,44,2.6,1705610.00
AIDS deaths,2012,New Mexico,35,Ages 13 years and older,All races/ethnicities,Both sexes,All transmission categories,41,2.4,1715621.00
AIDS deaths,2013,New Mexico,35,Ages 13 years and older,All races/ethnicities,Both sexes,All transmission categories,39,2.3,1724605.00
AIDS deaths,2014,New Mexico,35,Ages 13 years and older,All races/ethnicities,Both sexes,All transmission categories,52,3,1727337.00
AIDS deaths,2015,New Mexico,35,Ages 13 years and older,All races/ethnicities,Both sexes,All transmission categories,68,3.9,1731404.00
AIDS deaths,2016,New Mexico,35,Ages 13 years and older,All races/ethnicities,Both sexes,All transmission categories,41,2.4,1738281.00
AIDS deaths,2017,New Mexico,35,Ages 13 years and older,All races/ethnicities,Both sexes,All transmission categories,21,1.2,1744348.00
AIDS deaths,2011,New York,36,Ages 13 years and older,All races/ethnicities,Both sexes,All transmission categories,"1,820",11.1,16458143.00
AIDS deaths,2012,New York,36,Ages 13 years and older,All races/ethnicities,Both sexes,All transmission categories,"1,703",10.3,16540669.00
AIDS deaths,2013,New York,36,Ages 13 years and older,All races/ethnicities,Both sexes,All transmission categories,"1,675",10.1,16606696.00
AIDS deaths,2014,New York,36,Ages 13 years and older,All races/ethnicities,Both sexes,All transmission categories,"1,575",9.5,16650830.00
AIDS deaths,2015,New York,36,Ages 13 years and older,All races/ethnicities,Both sexes,All transmission categories,"1,473",8.8,16665971.00
AIDS deaths,2016,New York,36,Ages 13 years and older,All races/ethnicities,Both sexes,All transmission categories,"1,532",9.2,16665101.00
AIDS deaths,2017,New York,36,Ages 13 years and older,All races/ethnicities,Both sexes,All transmission categories,"1,444",8.7,16640405.00
AIDS deaths,2011,North Carolina,37,Ages 13 years and older,All races/ethnicities,Both sexes,All transmission categories,372,4.6,8004877.00
AIDS deaths,2012,North Carolina,37,Ages 13 years and older,All races/ethnicities,Both sexes,All transmission categories,362,4.5,8101318.00
AIDS deaths,2013,North Carolina,37,Ages 13 years and older,All races/ethnicities,Both sexes,All transmission categories,391,4.8,8203696.00
AIDS deaths,2014,North Carolina,37,Ages 13 years and older,All races/ethnicities,Both sexes,All transmission categories,398,4.8,8300834.00
AIDS deaths,2015,North Carolina,37,Ages 13 years and older,All races/ethnicities,Both sexes,All transmission categories,405,4.8,8401711.00
AIDS deaths,2016,North Carolina,37,Ages 13 years and older,All races/ethnicities,Both sexes,All transmission categories,380,4.5,8522014.00
AIDS deaths,2017,North Carolina,37,Ages 13 years and older,All races/ethnicities,Both sexes,All transmission categories,385,4.5,8633016.00
AIDS deaths,2011,North Dakota,38,Ages 13 years and older,All races/ethnicities,Both sexes,All transmission categories,4,0.7,573759.00
AIDS deaths,2012,North Dakota,38,Ages 13 years and older,All races/ethnicities,Both sexes,All transmission categories,3,0.5,585281.00
AIDS deaths,2013,North Dakota,38,Ages 13 years and older,All races/ethnicities,Both sexes,All transmission categories,3,0.5,600804.00
AIDS deaths,2014,North Dakota,38,Ages 13 years and older,All races/ethnicities,Both sexes,All transmission categories,6,1,611504.00
AIDS deaths,2015,North Dakota,38,Ages 13 years and older,All races/ethnicities,Both sexes,All transmission categories,7,1.1,623158.00
AIDS deaths,2016,North Dakota,38,Ages 13 years and older,All races/ethnicities,Both sexes,All transmission categories,3,0.5,622315.00
AIDS deaths,2017,North Dakota,38,Ages 13 years and older,All races/ethnicities,Both sexes,All transmission categories,3,0.5,622525.00
AIDS deaths,2011,Ohio,39,Ages 13 years and older,All races/ethnicities,Both sexes,All transmission categories,245,2.5,9633071.00
AIDS deaths,2012,Ohio,39,Ages 13 years and older,All races/ethnicities,Both sexes,All transmission categories,254,2.6,9655211.00
AIDS deaths,2013,Ohio,39,Ages 13 years and older,All races/ethnicities,Both sexes,All transmission categories,232,2.4,9696486.00
AIDS deaths,2014,Ohio,39,Ages 13 years and older,All races/ethnicities,Both sexes,All transmission categories,260,2.7,9732167.00
AIDS deaths,2015,Ohio,39,Ages 13 years and older,All races/ethnicities,Both sexes,All transmission categories,230,2.4,9754188.00
AIDS deaths,2016,Ohio,39,Ages 13 years and older,All races/ethnicities,Both sexes,All transmission categories,248,2.5,9777971.00
AIDS deaths,2017,Ohio,39,Ages 13 years and older,All races/ethnicities,Both sexes,All transmission categories,271,2.8,9813290.00
AIDS deaths,2011,Oklahoma,40,Ages 13 years and older,All races/ethnicities,Both sexes,All transmission categories,94,3,3104403.00
AIDS deaths,2012,Oklahoma,40,Ages 13 years and older,All races/ethnicities,Both sexes,All transmission categories,93,3,3131983.00
AIDS deaths,2013,Oklahoma,40,Ages 13 years and older,All races/ethnicities,Both sexes,All transmission categories,107,3.4,3161412.00
AIDS deaths,2014,Oklahoma,40,Ages 13 years and older,All races/ethnicities,Both sexes,All transmission categories,116,3.6,3184247.00
AIDS deaths,2015,Oklahoma,40,Ages 13 years and older,All races/ethnicities,Both sexes,All transmission categories,122,3.8,3211563.00
AIDS deaths,2016,Oklahoma,40,Ages 13 years and older,All races/ethnicities,Both sexes,All transmission categories,93,2.9,3228505.00
AIDS deaths,2017,Oklahoma,40,Ages 13 years and older,All races/ethnicities,Both sexes,All transmission categories,81,2.5,3238135.00
AIDS deaths,2011,Oregon,41,Ages 13 years and older,All races/ethnicities,Both sexes,All transmission categories,84,2.6,3252260.00
AIDS deaths,2012,Oregon,41,Ages 13 years and older,All races/ethnicities,Both sexes,All transmission categories,89,2.7,3282121.00
AIDS deaths,2013,Oregon,41,Ages 13 years and older,All races/ethnicities,Both sexes,All transmission categories,94,2.8,3309074.00
AIDS deaths,2014,Oregon,41,Ages 13 years and older,All races/ethnicities,Both sexes,All transmission categories,80,2.4,3348642.00
AIDS deaths,2015,Oregon,41,Ages 13 years and older,All races/ethnicities,Both sexes,All transmission categories,88,2.6,3397526.00
AIDS deaths,2016,Oregon,41,Ages 13 years and older,All races/ethnicities,Both sexes,All transmission categories,82,2.4,3466235.00
AIDS deaths,2017,Oregon,41,Ages 13 years and older,All races/ethnicities,Both sexes,All transmission categories,87,2.5,3519405.00
AIDS deaths,2011,Pennsylvania,42,Ages 13 years and older,All races/ethnicities,Both sexes,All transmission categories,519,4.8,10800820.00
AIDS deaths,2012,Pennsylvania,42,Ages 13 years and older,All races/ethnicities,Both sexes,All transmission categories,475,4.4,10832936.00
AIDS deaths,2013,Pennsylvania,42,Ages 13 years and older,All races/ethnicities,Both sexes,All transmission categories,508,4.7,10857460.00
AIDS deaths,2014,Pennsylvania,42,Ages 13 years and older,All races/ethnicities,Both sexes,All transmission categories,499,4.6,10879461.00
AIDS deaths,2015,Pennsylvania,42,Ages 13 years and older,All races/ethnicities,Both sexes,All transmission categories,463,4.3,10881745.00
AIDS deaths,2016,Pennsylvania,42,Ages 13 years and older,All races/ethnicities,Both sexes,All transmission categories,454,4.2,10888364.00
AIDS deaths,2017,Pennsylvania,42,Ages 13 years and older,All races/ethnicities,Both sexes,All transmission categories,468,4.3,10902840.00
AIDS deaths,2011,Rhode Island,44,Ages 13 years and older,All races/ethnicities,Both sexes,All transmission categories,38,4.2,899628.00
AIDS deaths,2012,Rhode Island,44,Ages 13 years and older,All races/ethnicities,Both sexes,All transmission categories,34,3.8,902455.00
AIDS deaths,2013,Rhode Island,44,Ages 13 years and older,All races/ethnicities,Both sexes,All transmission categories,30,3.3,904623.00
AIDS deaths,2014,Rhode Island,44,Ages 13 years and older,All races/ethnicities,Both sexes,All transmission categories,33,3.6,907072.00
AIDS deaths,2015,Rhode Island,44,Ages 13 years and older,All races/ethnicities,Both sexes,All transmission categories,18,2,908366.00
AIDS deaths,2016,Rhode Island,44,Ages 13 years and older,All races/ethnicities,Both sexes,All transmission categories,34,3.7,910326.00
AIDS deaths,2017,Rhode Island,44,Ages 13 years and older,All races/ethnicities,Both sexes,All transmission categories,25,2.7,911239.00
AIDS deaths,2011,South Carolina,45,Ages 13 years and older,All races/ethnicities,Both sexes,All transmission categories,284,7.3,3893958.00
AIDS deaths,2012,South Carolina,45,Ages 13 years and older,All races/ethnicities,Both sexes,All transmission categories,264,6.7,3939204.00
AIDS deaths,2013,South Carolina,45,Ages 13 years and older,All races/ethnicities,Both sexes,All transmission categories,253,6.3,3988907.00
AIDS deaths,2014,South Carolina,45,Ages 13 years and older,All races/ethnicities,Both sexes,All transmission categories,275,6.8,4046632.00
AIDS deaths,2015,South Carolina,45,Ages 13 years and older,All races/ethnicities,Both sexes,All transmission categories,232,5.6,4109463.00
AIDS deaths,2016,South Carolina,45,Ages 13 years and older,All races/ethnicities,Both sexes,All transmission categories,276,6.6,4171070.00
AIDS deaths,2017,South Carolina,45,Ages 13 years and older,All races/ethnicities,Both sexes,All transmission categories,257,6.1,4230737.00
AIDS deaths,2011,South Dakota,46,Ages 13 years and older,All races/ethnicities,Both sexes,All transmission categories,5,0.7,673889.00
AIDS deaths,2012,South Dakota,46,Ages 13 years and older,All races/ethnicities,Both sexes,All transmission categories,7,1,682418.00
AIDS deaths,2013,South Dakota,46,Ages 13 years and older,All races/ethnicities,Both sexes,All transmission categories,5,0.7,689289.00
AIDS deaths,2014,South Dakota,46,Ages 13 years and older,All races/ethnicities,Both sexes,All transmission categories,7,1,694500.00
AIDS deaths,2015,South Dakota,46,Ages 13 years and older,All races/ethnicities,Both sexes,All transmission categories,6,0.9,697811.00
AIDS deaths,2016,South Dakota,46,Ages 13 years and older,All races/ethnicities,Both sexes,All transmission categories,6,0.9,704961.00
AIDS deaths,2017,South Dakota,46,Ages 13 years and older,All races/ethnicities,Both sexes,All transmission categories,3,0.4,713932.00
AIDS deaths,2011,Tennessee,47,Ages 13 years and older,All races/ethnicities,Both sexes,All transmission categories,242,4.5,5326756.00
AIDS deaths,2012,Tennessee,47,Ages 13 years and older,All races/ethnicities,Both sexes,All transmission categories,258,4.8,5379876.00
AIDS deaths,2013,Tennessee,47,Ages 13 years and older,All races/ethnicities,Both sexes,All transmission categories,254,4.7,5424065.00
AIDS deaths,2014,Tennessee,47,Ages 13 years and older,All races/ethnicities,Both sexes,All transmission categories,260,4.8,5471517.00
AIDS deaths,2015,Tennessee,47,Ages 13 years and older,All races/ethnicities,Both sexes,All transmission categories,252,4.6,5518921.00
AIDS deaths,2016,Tennessee,47,Ages 13 years and older,All races/ethnicities,Both sexes,All transmission categories,243,4.4,5570308.00
AIDS deaths,2017,Tennessee,47,Ages 13 years and older,All races/ethnicities,Both sexes,All transmission categories,250,4.4,5631232.00
AIDS deaths,2011,Texas,48,Ages 13 years and older,All races/ethnicities,Both sexes,All transmission categories,"1,092",5.3,20595015.00
AIDS deaths,2012,Texas,48,Ages 13 years and older,All races/ethnicities,Both sexes,All transmission categories,"1,105",5.3,20998376.00
AIDS deaths,2013,Texas,48,Ages 13 years and older,All races/ethnicities,Both sexes,All transmission categories,"1,045",4.9,21367395.00
AIDS deaths,2014,Texas,48,Ages 13 years and older,All races/ethnicities,Both sexes,All transmission categories,"1,115",5.1,21802872.00
AIDS deaths,2015,Texas,48,Ages 13 years and older,All races/ethnicities,Both sexes,All transmission categories,"1,087",4.9,22243749.00
AIDS deaths,2016,Texas,48,Ages 13 years and older,All races/ethnicities,Both sexes,All transmission categories,"1,093",4.8,22647866.00
AIDS deaths,2017,Texas,48,Ages 13 years and older,All races/ethnicities,Both sexes,All transmission categories,"1,138",4.9,23007851.00
AIDS deaths,2011,Utah,49,Ages 13 years and older,All races/ethnicities,Both sexes,All transmission categories,14,0.6,2154045.00
AIDS deaths,2012,Utah,49,Ages 13 years and older,All races/ethnicities,Both sexes,All transmission categories,25,1.1,2191305.00
AIDS deaths,2013,Utah,49,Ages 13 years and older,All races/ethnicities,Both sexes,All transmission categories,32,1.4,2233017.00
AIDS deaths,2014,Utah,49,Ages 13 years and older,All races/ethnicities,Both sexes,All transmission categories,17,0.7,2271476.00
AIDS deaths,2015,Utah,49,Ages 13 years and older,All races/ethnicities,Both sexes,All transmission categories,27,1.2,2314417.00
AIDS deaths,2016,Utah,49,Ages 13 years and older,All races/ethnicities,Both sexes,All transmission categories,36,1.5,2371090.00
AIDS deaths,2017,Utah,49,Ages 13 years and older,All races/ethnicities,Both sexes,All transmission categories,19,0.8,2430127.00
AIDS deaths,2011,Vermont,50,Ages 13 years and older,All races/ethnicities,Both sexes,All transmission categories,6,1.1,539325.00
AIDS deaths,2012,Vermont,50,Ages 13 years and older,All races/ethnicities,Both sexes,All transmission categories,3,0.6,539641.00
AIDS deaths,2013,Vermont,50,Ages 13 years and older,All races/ethnicities,Both sexes,All transmission categories,7,1.3,540922.00
AIDS deaths,2014,Vermont,50,Ages 13 years and older,All races/ethnicities,Both sexes,All transmission categories,3,0.6,540870.00
AIDS deaths,2015,Vermont,50,Ages 13 years and older,All races/ethnicities,Both sexes,All transmission categories,3,0.6,541601.00
AIDS deaths,2016,Vermont,50,Ages 13 years and older,All races/ethnicities,Both sexes,All transmission categories,11,2,541260.00
AIDS deaths,2017,Vermont,50,Ages 13 years and older,All races/ethnicities,Both sexes,All transmission categories,5,0.9,542961.00
AIDS deaths,2011,Virginia,51,Ages 13 years and older,All races/ethnicities,Both sexes,All transmission categories,235,3.5,6763179.00
AIDS deaths,2012,Virginia,51,Ages 13 years and older,All races/ethnicities,Both sexes,All transmission categories,253,3.7,6842130.00
AIDS deaths,2013,Virginia,51,Ages 13 years and older,All races/ethnicities,Both sexes,All transmission categories,258,3.7,6909745.00
AIDS deaths,2014,Virginia,51,Ages 13 years and older,All races/ethnicities,Both sexes,All transmission categories,236,3.4,6970605.00
AIDS deaths,2015,Virginia,51,Ages 13 years and older,All races/ethnicities,Both sexes,All transmission categories,220,3.1,7020016.00
AIDS deaths,2016,Virginia,51,Ages 13 years and older,All races/ethnicities,Both sexes,All transmission categories,247,3.5,7066986.00
AIDS deaths,2017,Virginia,51,Ages 13 years and older,All races/ethnicities,Both sexes,All transmission categories,220,3.1,7121557.00
AIDS deaths,2011,Washington,53,Ages 13 years and older,All races/ethnicities,Both sexes,All transmission categories,138,2.4,5679657.00
AIDS deaths,2012,Washington,53,Ages 13 years and older,All races/ethnicities,Both sexes,All transmission categories,132,2.3,5746623.00
AIDS deaths,2013,Washington,53,Ages 13 years and older,All races/ethnicities,Both sexes,All transmission categories,134,2.3,5813109.00
AIDS deaths,2014,Washington,53,Ages 13 years and older,All races/ethnicities,Both sexes,All transmission categories,141,2.4,5896287.00
AIDS deaths,2015,Washington,53,Ages 13 years and older,All races/ethnicities,Both sexes,All transmission categories,119,2,5995009.00
AIDS deaths,2016,Washington,53,Ages 13 years and older,All races/ethnicities,Both sexes,All transmission categories,138,2.3,6109614.00
AIDS deaths,2017,Washington,53,Ages 13 years and older,All races/ethnicities,Both sexes,All transmission categories,144,2.3,6224655.00
AIDS deaths,2011,West Virginia,54,Ages 13 years and older,All races/ethnicities,Both sexes,All transmission categories,30,1.9,1581533.00
AIDS deaths,2012,West Virginia,54,Ages 13 years and older,All races/ethnicities,Both sexes,All transmission categories,31,2,1582449.00
AIDS deaths,2013,West Virginia,54,Ages 13 years and older,All races/ethnicities,Both sexes,All transmission categories,30,1.9,1581193.00
AIDS deaths,2014,West Virginia,54,Ages 13 years and older,All races/ethnicities,Both sexes,All transmission categories,29,1.8,1578153.00
AIDS deaths,2015,West Virginia,54,Ages 13 years and older,All races/ethnicities,Both sexes,All transmission categories,28,1.8,1572368.00
AIDS deaths,2016,West Virginia,54,Ages 13 years and older,All races/ethnicities,Both sexes,All transmission categories,33,2.1,1564167.00
AIDS deaths,2017,West Virginia,54,Ages 13 years and older,All races/ethnicities,Both sexes,All transmission categories,25,1.6,1554542.00
AIDS deaths,2011,Wisconsin,55,Ages 13 years and older,All races/ethnicities,Both sexes,All transmission categories,78,1.6,4758800.00
AIDS deaths,2012,Wisconsin,55,Ages 13 years and older,All races/ethnicities,Both sexes,All transmission categories,67,1.4,4779842.00
AIDS deaths,2013,Wisconsin,55,Ages 13 years and older,All races/ethnicities,Both sexes,All transmission categories,76,1.6,4804606.00
AIDS deaths,2014,Wisconsin,55,Ages 13 years and older,All races/ethnicities,Both sexes,All transmission categories,77,1.6,4825931.00
AIDS deaths,2015,Wisconsin,55,Ages 13 years and older,All races/ethnicities,Both sexes,All transmission categories,65,1.3,4840448.00
AIDS deaths,2016,Wisconsin,55,Ages 13 years and older,All races/ethnicities,Both sexes,All transmission categories,67,1.4,4857498.00
AIDS deaths,2017,Wisconsin,55,Ages 13 years and older,All races/ethnicities,Both sexes,All transmission categories,77,1.6,4881522.00
AIDS deaths,2011,Wyoming,56,Ages 13 years and older,All races/ethnicities,Both sexes,All transmission categories,5,1.1,467723.00
AIDS deaths,2012,Wyoming,56,Ages 13 years and older,All races/ethnicities,Both sexes,All transmission categories,1,0.2,475893.00
AIDS deaths,2013,Wyoming,56,Ages 13 years and older,All races/ethnicities,Both sexes,All transmission categories,6,1.2,480996.00
AIDS deaths,2014,Wyoming,56,Ages 13 years and older,All races/ethnicities,Both sexes,All transmission categories,5,1,480901.00
AIDS deaths,2015,Wyoming,56,Ages 13 years and older,All races/ethnicities,Both sexes,All transmission categories,1,0.2,483034.00
AIDS deaths,2016,Wyoming,56,Ages 13 years and older,All races/ethnicities,Both sexes,All transmission categories,4,0.8,482500.00
AIDS deaths,2017,Wyoming,56,Ages 13 years and older,All races/ethnicities,Both sexes,All transmission categories,5,1,479567.00